{"cameraMode":{"drawMode":0,"name":"Shaded","section":"Shading Mode"},"sceneLighting":true,"audioPlay":false,"sceneViewState":{"m_AlwaysRefresh":false,"showFog":true,"showSkybox":true,"showFlares":true,"showImageEffects":true,"showParticleSystems":true,"showVisualEffectGraphs":true,"m_FxEnabled":true},"in2DMode":false,"pivot":{"x":2.803412437438965,"y":2.6453304290771486,"z":5.545419692993164},"rotation":{"x":0.11961118876934052,"y":0.1747692972421646,"z":-0.021395094692707063,"w":0.9770893454551697},"size":14.126615524291993,"orthographic":false}