{"cameraMode":{"drawMode":0,"name":"Shaded","section":"Shading Mode"},"sceneLighting":true,"audioPlay":false,"sceneViewState":{"m_AlwaysRefresh":false,"showFog":true,"showSkybox":true,"showFlares":true,"showImageEffects":true,"showParticleSystems":true,"showVisualEffectGraphs":true,"m_FxEnabled":true},"in2DMode":false,"pivot":{"x":3.281536102294922,"y":0.6170682907104492,"z":-6.456549644470215},"rotation":{"x":0.046324145048856738,"y":0.9281485080718994,"z":-0.12352506816387177,"w":0.34808748960494997},"size":5.974612236022949,"orthographic":false}